Datetime,Open,High,Low,Close,Volume
2024-07-03 07:15:00+00:00,566.230224609375,566.230224609375,565.7628784179688,565.7628784179688,0
2024-07-03 07:30:00+00:00,565.81884765625,566.5108032226562,565.81884765625,566.4712524414062,14031872
2024-07-03 07:45:00+00:00,566.3673095703125,566.3673095703125,565.5671997070312,565.80615234375,2760704
2024-07-03 08:00:00+00:00,565.6392211914062,565.6873168945312,564.8418579101562,565.232177734375,3799808
2024-07-03 08:15:00+00:00,565.3043212890625,566.6370849609375,565.3043212890625,566.6370849609375,4489088
2024-07-03 08:30:00+00:00,566.5562133789062,566.6812744140625,565.5121459960938,565.9639892578125,7802752
2024-07-03 08:45:00+00:00,565.991943359375,566.2369995117188,565.8631591796875,565.9717407226562,5044224
2024-07-03 09:00:00+00:00,565.2910766601562,566.04736328125,565.2910766601562,566.04736328125,5167872
2024-07-03 09:15:00+00:00,565.9010620117188,565.9681396484375,565.6114501953125,565.8280029296875,2973824
2024-07-03 09:30:00+00:00,565.8735961914062,566.2498168945312,565.8735961914062,566.1547241210938,4438912
2024-07-03 09:45:00+00:00,566.164794921875,566.4280395507812,565.6326904296875,565.66015625,7452288
2024-07-03 10:00:00+00:00,565.47802734375,565.47802734375,562.4697875976562,562.4697875976562,10394368
2024-07-03 10:15:00+00:00,562.5230102539062,562.5230102539062,559.2384033203125,559.7100219726562,18136192
2024-07-03 10:30:00+00:00,559.4989624023438,559.4989624023438,557.2666015625,559.3465576171875,24616832
2024-07-03 10:45:00+00:00,559.3264770507812,560.1705322265625,559.3264770507812,560.0142822265625,9150976
2024-07-03 11:00:00+00:00,560.291015625,560.291015625,559.4319458007812,559.4319458007812,4620416
2024-07-03 11:15:00+00:00,559.537841796875,560.0162963867188,558.7423706054688,558.7423706054688,6169088
2024-07-03 11:30:00+00:00,558.7295532226562,558.851806640625,558.212890625,558.851806640625,5921792
2024-07-03 11:45:00+00:00,558.8265380859375,560.1608276367188,558.8265380859375,560.1608276367188,8099072
2024-07-03 12:00:00+00:00,559.97802734375,559.99365234375,557.8712158203125,557.8712158203125,2808448
2024-07-03 12:15:00+00:00,557.8800048828125,557.9539794921875,554.9981079101562,554.9981079101562,23834240
2024-07-03 12:30:00+00:00,555.0601806640625,555.0601806640625,552.9494018554688,553.8516235351562,8984704
2024-07-03 12:45:00+00:00,553.9381103515625,555.20654296875,553.7615356445312,555.1783447265625,7980416
2024-07-03 13:00:00+00:00,555.0174560546875,555.3297729492188,553.3046875,555.3297729492188,9526016
2024-07-03 13:15:00+00:00,555.258056640625,557.2896728515625,555.258056640625,557.2896728515625,15722240
2024-07-03 13:30:00+00:00,557.5968017578125,558.6118774414062,557.5096435546875,558.3040771484375,6370176
2024-07-03 13:45:00+00:00,558.3848876953125,559.82421875,558.2777709960938,559.82421875,7459200
2024-07-03 14:00:00+00:00,559.6227416992188,559.6227416992188,558.3372192382812,558.3480224609375,4345984
2024-07-03 14:15:00+00:00,558.3399658203125,558.7199096679688,558.1144409179688,558.2266845703125,1774080
2024-07-03 14:30:00+00:00,558.1614990234375,558.1614990234375,557.49609375,557.49609375,440704
2024-07-03 14:45:00+00:00,557.4899291992188,557.7239379882812,557.3648681640625,557.3648681640625,1440512
2024-07-03 15:00:00+00:00,557.407470703125,557.5344848632812,555.7027587890625,557.4850463867188,3412096
2024-07-03 15:15:00+00:00,557.5531616210938,559.06591796875,557.5531616210938,558.981201171875,5378176
2024-07-03 15:30:00+00:00,559.07275390625,559.1058959960938,558.2882690429688,558.36572265625,4532480
2024-07-03 15:45:00+00:00,558.3814086914062,558.3814086914062,557.0372314453125,557.3975219726562,3126144
2024-07-03 16:00:00+00:00,557.3486938476562,557.3486938476562,556.2376708984375,556.7567749023438,4717824
2024-07-03 16:15:00+00:00,556.7470703125,558.6528930664062,556.6597290039062,558.6528930664062,7441792
2024-07-03 16:30:00+00:00,558.811767578125,558.8673095703125,557.1676025390625,557.1676025390625,5139456
2024-07-03 16:45:00+00:00,557.2214965820312,558.8505859375,557.2214965820312,558.8505859375,6539264
2024-07-03 17:00:00+00:00,559.1336059570312,559.2314453125,558.4293823242188,558.4293823242188,1635456
2024-07-03 17:15:00+00:00,558.5431518554688,558.5575561523438,558.2095947265625,558.4732055664062,946176
2024-07-03 17:30:00+00:00,558.4321899414062,558.4321899414062,557.576171875,557.6626586914062,3497984
2024-07-03 17:45:00+00:00,557.523681640625,557.523681640625,556.3413696289062,556.7685546875,2756480
2024-07-03 18:00:00+00:00,556.9666137695312,557.165771484375,556.3564453125,556.59375,2803712
2024-07-03 18:15:00+00:00,556.5537719726562,557.5114135742188,556.5181884765625,557.5114135742188,974848
2024-07-03 18:30:00+00:00,557.575927734375,558.0241088867188,557.5573120117188,557.5573120117188,5970304
2024-07-03 18:45:00+00:00,557.7345581054688,557.7351684570312,556.5643310546875,556.9797973632812,3299456
2024-07-03 19:00:00+00:00,557.083740234375,557.14501953125,555.2861938476562,556.2224731445312,5860608
2024-07-03 19:15:00+00:00,555.9799194335938,555.9799194335938,552.922119140625,553.5623168945312,8299008
2024-07-03 19:30:00+00:00,553.417236328125,553.417236328125,552.6817626953125,553.008544921875,5349120
2024-07-03 19:45:00+00:00,553.0184936523438,553.0184936523438,550.5210571289062,550.5685424804688,7388416
2024-07-03 20:00:00+00:00,550.6724243164062,552.3047485351562,550.6724243164062,552.02978515625,9221632
2024-07-03 20:15:00+00:00,551.9812622070312,553.6893920898438,551.9812622070312,553.308349609375,8481408
2024-07-03 20:30:00+00:00,553.5254516601562,554.1522827148438,553.4315185546875,554.0926513671875,6860800
2024-07-03 20:45:00+00:00,554.1334838867188,554.332275390625,552.7857055664062,552.7857055664062,4729856
2024-07-03 21:00:00+00:00,552.71630859375,554.3551635742188,552.574462890625,554.2254028320312,7555072
2024-07-03 21:15:00+00:00,554.3074340820312,554.3074340820312,553.1043701171875,553.8436279296875,2748672
2024-07-03 21:30:00+00:00,553.6970825195312,555.0067749023438,553.6713256835938,554.9826049804688,7773568
2024-07-03 21:45:00+00:00,555.2080078125,556.707275390625,555.2080078125,556.707275390625,5309824
2024-07-03 22:00:00+00:00,556.6049194335938,557.1575317382812,556.2625122070312,556.4698486328125,3989376
2024-07-03 22:15:00+00:00,556.44189453125,556.7596435546875,556.0719604492188,556.0719604492188,929792
2024-07-03 22:30:00+00:00,556.1156616210938,556.6246948242188,556.1156616210938,556.6246948242188,3282304
2024-07-03 22:45:00+00:00,556.766357421875,557.07470703125,556.5760498046875,556.655517578125,3512576
2024-07-03 23:00:00+00:00,556.5751953125,556.6824951171875,556.12939453125,556.6824951171875,2608896
2024-07-03 23:15:00+00:00,556.6812133789062,557.2091064453125,556.6812133789062,557.0170288085938,4743680
2024-07-03 23:30:00+00:00,557.0726318359375,557.2171630859375,556.9610595703125,557.0076293945312,3105280
2024-07-03 23:45:00+00:00,557.0222778320312,557.0222778320312,556.7532958984375,556.822265625,750592
2024-07-04 00:00:00+00:00,556.5004272460938,556.8927612304688,555.6837768554688,555.7935180664062,4064384
2024-07-04 00:15:00+00:00,555.70068359375,556.183837890625,555.55126953125,555.55126953125,4242304
2024-07-04 00:30:00+00:00,555.5814819335938,556.5906982421875,555.0363159179688,556.3294677734375,10576512
2024-07-04 00:45:00+00:00,556.3115234375,556.6483764648438,555.7496337890625,555.7496337890625,6759680
2024-07-04 01:00:00+00:00,555.7964477539062,555.8991088867188,553.275146484375,553.275146484375,1696512
2024-07-04 01:15:00+00:00,552.9989013671875,553.7240600585938,551.2493896484375,553.7240600585938,20134656
2024-07-04 01:30:00+00:00,553.5134887695312,553.5134887695312,546.2552490234375,546.2552490234375,37245312
2024-07-04 01:45:00+00:00,545.9571533203125,545.9571533203125,537.3456420898438,537.3456420898438,35063424
2024-07-04 02:00:00+00:00,537.54931640625,539.1972045898438,535.7911376953125,539.0780029296875,61093120
2024-07-04 02:15:00+00:00,539.2255859375,542.6405029296875,539.2255859375,542.6405029296875,28390912
2024-07-04 02:30:00+00:00,542.4493408203125,542.4493408203125,538.6897583007812,538.8433837890625,20267520
2024-07-04 02:45:00+00:00,538.9954223632812,540.13671875,538.9954223632812,539.56787109375,5373056
2024-07-04 03:00:00+00:00,539.5278930664062,539.5278930664062,537.45751953125,537.45751953125,8692480
2024-07-04 03:15:00+00:00,537.404296875,537.404296875,535.6907348632812,536.4017944335938,4467200
2024-07-04 03:30:00+00:00,536.3997802734375,538.6126708984375,536.3663940429688,538.3515625,4509056
2024-07-04 03:45:00+00:00,537.9360961914062,539.6781005859375,537.9360961914062,539.6781005859375,5453440
2024-07-04 04:00:00+00:00,539.5888671875,540.457763671875,538.8761596679688,540.457763671875,3217024
2024-07-04 04:15:00+00:00,540.4882202148438,541.1510009765625,538.5928955078125,538.5928955078125,4539136
2024-07-04 04:30:00+00:00,538.4253540039062,539.17333984375,537.9609375,538.8690795898438,5434624
2024-07-04 04:45:00+00:00,539.3381958007812,540.580078125,539.2933959960938,540.4901123046875,3900160
2024-07-04 05:00:00+00:00,540.4243774414062,540.4243774414062,539.1699829101562,539.2945556640625,1100160
2024-07-04 05:15:00+00:00,539.3396606445312,540.1521606445312,539.3396606445312,540.096923828125,2289408
2024-07-04 05:30:00+00:00,540.0149536132812,540.4180908203125,539.9028930664062,540.1561889648438,4035328
2024-07-04 05:45:00+00:00,540.1502075195312,540.1502075195312,539.5029296875,539.5029296875,3373824
2024-07-04 06:00:00+00:00,538.8136596679688,538.8136596679688,536.6268920898438,536.6268920898438,1159808
2024-07-04 06:15:00+00:00,536.636962890625,536.636962890625,534.328125,534.3587646484375,3469312
2024-07-04 06:30:00+00:00,534.189697265625,535.3426513671875,533.1163330078125,535.3426513671875,23964928
2024-07-04 06:45:00+00:00,535.30224609375,535.4620361328125,534.00146484375,534.062255859375,6824448
2024-07-04 07:00:00+00:00,534.0704345703125,534.4039916992188,533.7109375,533.9185180664062,6476416
2024-07-04 07:15:00+00:00,533.568603515625,533.568603515625,531.5128173828125,532.1630249023438,907776
2024-07-04 07:30:00+00:00,532.25146484375,534.4288330078125,532.25146484375,533.8499145507812,10503296
2024-07-04 07:45:00+00:00,533.7859497070312,533.7859497070312,529.550048828125,529.550048828125,4164992
2024-07-04 08:00:00+00:00,529.8793334960938,533.1065673828125,529.59033203125,533.1065673828125,10122240
2024-07-04 08:15:00+00:00,532.8717041015625,532.8717041015625,531.271484375,532.0220336914062,5033856
2024-07-04 08:30:00+00:00,531.3601684570312,532.0684814453125,530.6878051757812,531.0183715820312,14527104
2024-07-04 08:45:00+00:00,530.8488159179688,531.1546630859375,527.9860229492188,529.0986328125,14458112
2024-07-04 09:00:00+00:00,529.1383056640625,529.3950805664062,523.9656372070312,523.9656372070312,3080448
2024-07-04 09:15:00+00:00,524.5671997070312,526.0288696289062,524.5671997070312,525.8757934570312,32080000
2024-07-04 09:30:00+00:00,526.6677856445312,528.9158935546875,526.6677856445312,528.864013671875,16603648
2024-07-04 09:45:00+00:00,528.9840087890625,529.525146484375,528.9840087890625,529.3428344726562,4423680
2024-07-04 10:00:00+00:00,529.2831420898438,529.33349609375,526.0192260742188,526.0192260742188,2955008
2024-07-04 10:15:00+00:00,525.60107421875,525.6176147460938,524.4221801757812,525.2131958007812,958848
2024-07-04 10:30:00+00:00,525.2288818359375,525.9224853515625,524.7863159179688,525.9165649414062,2169088
2024-07-04 10:45:00+00:00,526.0599975585938,526.6644287109375,526.0599975585938,526.6644287109375,3701504
2024-07-04 11:00:00+00:00,526.7444458007812,528.4869995117188,526.7444458007812,528.4397583007812,5532288
2024-07-04 11:15:00+00:00,528.3677368164062,528.3677368164062,525.8733520507812,525.890380859375,2579712
2024-07-04 11:30:00+00:00,525.9376220703125,525.9522094726562,525.1717529296875,525.3778686523438,265984
2024-07-04 11:45:00+00:00,525.4223022460938,525.4223022460938,524.6351318359375,524.7367553710938,2106752
2024-07-04 12:00:00+00:00,524.8414306640625,524.8414306640625,523.9214477539062,524.3619384765625,1298176
2024-07-04 12:15:00+00:00,524.25048828125,524.2682495117188,521.541748046875,521.541748046875,833280
2024-07-04 12:30:00+00:00,521.7434692382812,523.2887573242188,521.4869995117188,521.6583862304688,3117440
2024-07-04 12:45:00+00:00,521.564697265625,521.564697265625,517.664794921875,517.961669921875,8624000
2024-07-04 13:00:00+00:00,517.769775390625,517.769775390625,514.3532104492188,517.7626953125,10733952
2024-07-04 13:15:00+00:00,517.1990966796875,517.1990966796875,513.7354125976562,513.7354125976562,17249536
2024-07-04 13:30:00+00:00,513.6489868164062,514.5657958984375,512.42236328125,514.4812622070312,18202112
2024-07-04 13:45:00+00:00,514.4423217773438,519.8259887695312,514.4423217773438,519.8259887695312,29200640
2024-07-04 14:00:00+00:00,519.7784423828125,520.5293579101562,518.5143432617188,518.5143432617188,4602496
2024-07-04 14:15:00+00:00,518.6625366210938,519.6362915039062,517.9366455078125,517.9366455078125,5345792
2024-07-04 14:30:00+00:00,517.571533203125,520.0216064453125,517.3880004882812,519.6192626953125,10699136
2024-07-04 14:45:00+00:00,519.5432739257812,520.9242553710938,518.8314819335938,520.7335815429688,10888448
2024-07-04 15:00:00+00:00,520.7179565429688,521.3892211914062,520.2918090820312,521.3892211914062,2512384
2024-07-04 15:15:00+00:00,521.4534912109375,521.4732055664062,519.01416015625,519.1681518554688,3357056
2024-07-04 15:30:00+00:00,519.322509765625,521.3092041015625,519.322509765625,521.3092041015625,6666624
2024-07-04 15:45:00+00:00,521.544921875,524.629150390625,521.544921875,524.0228881835938,21937536
2024-07-04 16:00:00+00:00,524.197021484375,524.614501953125,522.1967163085938,522.1967163085938,4442496
2024-07-04 16:15:00+00:00,521.8405151367188,522.0723266601562,521.3506469726562,521.4681396484375,3155072
2024-07-04 16:30:00+00:00,521.4122924804688,521.6104736328125,518.944091796875,521.2748413085938,8945664
2024-07-04 16:45:00+00:00,521.2174072265625,523.544921875,520.4057006835938,523.439453125,9644032
2024-07-04 17:00:00+00:00,523.2855224609375,523.4022827148438,522.9299926757812,522.9667358398438,3673088
2024-07-04 17:15:00+00:00,523.0995483398438,524.8458251953125,523.0995483398438,524.8130493164062,5731200
2024-07-04 17:30:00+00:00,524.8712768554688,524.8712768554688,523.635009765625,524.0576782226562,2324480
2024-07-04 17:45:00+00:00,524.0130004882812,525.04248046875,523.7915649414062,525.04248046875,6458752
2024-07-04 18:00:00+00:00,524.9864501953125,525.4400634765625,523.2738647460938,523.2738647460938,3974784
2024-07-04 18:15:00+00:00,523.4286499023438,523.4286499023438,522.6288452148438,523.1383666992188,3274112
2024-07-04 18:30:00+00:00,523.2252197265625,524.8935546875,523.2252197265625,523.5347900390625,10171136
2024-07-04 18:45:00+00:00,523.4786376953125,523.5275268554688,522.7569580078125,523.5275268554688,2032256
2024-07-04 19:00:00+00:00,523.6461791992188,525.5581665039062,523.6461791992188,525.5581665039062,4002944
2024-07-04 19:15:00+00:00,525.5275268554688,526.7091064453125,524.6417236328125,526.1287841796875,4584576
2024-07-04 19:30:00+00:00,526.141845703125,526.9993286132812,526.0919189453125,526.0919189453125,5983744
2024-07-04 19:45:00+00:00,525.9506225585938,525.9506225585938,523.5604248046875,523.5667114257812,1278464
2024-07-04 20:00:00+00:00,523.562255859375,523.569580078125,523.1649780273438,523.233642578125,0
2024-07-04 20:15:00+00:00,523.3096923828125,523.79833984375,523.0732421875,523.1834106445312,3305216
2024-07-04 20:30:00+00:00,523.0773315429688,524.0584106445312,523.0773315429688,523.7347412109375,2620544
2024-07-04 20:45:00+00:00,523.8810424804688,524.6439208984375,523.8810424804688,524.5711669921875,3468672
2024-07-04 21:00:00+00:00,524.6210327148438,525.3508911132812,524.3543701171875,525.3508911132812,3568128
2024-07-04 21:15:00+00:00,525.4359130859375,527.4977416992188,525.4359130859375,527.4365844726562,9520384
2024-07-04 21:30:00+00:00,527.3908081054688,527.603515625,526.7225952148438,527.0360717773438,2604416
2024-07-04 21:45:00+00:00,527.0584106445312,527.9282836914062,527.0051879882812,527.927001953125,3027584
2024-07-04 22:00:00+00:00,528.1464233398438,529.2432250976562,528.1464233398438,528.749755859375,8872832
2024-07-04 22:15:00+00:00,528.7359619140625,528.7359619140625,526.52685546875,526.52685546875,2165248
2024-07-04 22:30:00+00:00,526.544677734375,526.544677734375,525.2100219726562,525.6751708984375,4987136
2024-07-04 22:45:00+00:00,525.6400756835938,525.7888793945312,524.1717529296875,524.1717529296875,4281344
2024-07-04 23:00:00+00:00,524.2546997070312,524.3142700195312,522.2073974609375,522.2073974609375,3344256
2024-07-04 23:15:00+00:00,522.4899291992188,522.4899291992188,519.4629516601562,519.4629516601562,5961472
2024-07-04 23:30:00+00:00,519.1471557617188,519.1471557617188,514.2649536132812,514.6345825195312,17026816
2024-07-04 23:45:00+00:00,514.615478515625,515.658447265625,513.825927734375,513.825927734375,9734144
2024-07-05 00:00:00+00:00,513.614501953125,513.7154541015625,510.5799560546875,511.171875,26695296
2024-07-05 00:15:00+00:00,510.5737915039063,514.7463989257812,510.5737915039063,513.9005126953125,25873792
2024-07-05 00:30:00+00:00,512.7769165039062,514.64404296875,509.3361511230469,510.1955261230469,24396672
2024-07-05 00:45:00+00:00,509.3130187988281,514.4015502929688,509.1492004394531,514.4015502929688,34497792
2024-07-05 01:00:00+00:00,514.2015991210938,515.2202758789062,513.3330078125,513.3330078125,4220800
2024-07-05 01:15:00+00:00,512.9205932617188,512.9205932617188,508.20458984375,508.20458984375,3719936
2024-07-05 01:30:00+00:00,508.8322448730469,509.6227111816406,505.2627258300781,505.2627258300781,7541888
2024-07-05 01:45:00+00:00,505.1863098144531,508.9761352539063,503.84222412109375,508.56195068359375,8748288
2024-07-05 02:00:00+00:00,508.6234436035156,508.6234436035156,502.0729064941406,502.7948303222656,335872
2024-07-05 02:15:00+00:00,502.8091735839844,504.412109375,502.8091735839844,503.6069030761719,7281024
2024-07-05 02:30:00+00:00,504.0306396484375,506.1686096191406,502.2843627929688,502.5355224609375,10511744
2024-07-05 02:45:00+00:00,502.3101806640625,502.3101806640625,494.6627197265625,494.6627197265625,50191616
2024-07-05 03:00:00+00:00,492.0148315429688,492.0148315429688,471.9700927734375,473.4956359863281,113095424
2024-07-05 03:15:00+00:00,471.9757385253906,471.9757385253906,467.7073059082031,467.7073059082031,76499712
2024-07-05 03:30:00+00:00,467.9670104980469,469.5664367675781,467.7318115234375,468.4124755859375,54148352
2024-07-05 03:45:00+00:00,468.5090637207031,469.80908203125,468.2589416503906,469.4208679199219,33405696
2024-07-05 04:00:00+00:00,469.2187194824219,469.718994140625,466.6770629882813,466.6770629882813,16447744
2024-07-05 04:15:00+00:00,466.6920471191406,466.6920471191406,460.305908203125,466.0991516113281,78133760
2024-07-05 04:30:00+00:00,469.3000793457031,474.1793518066406,469.3000793457031,473.5466918945313,79284736
2024-07-05 04:45:00+00:00,473.9012451171875,474.0246887207031,470.9605407714844,470.9605407714844,11236096
2024-07-05 05:00:00+00:00,470.5263366699219,475.326904296875,470.011962890625,475.326904296875,22981888
2024-07-05 05:15:00+00:00,476.2877807617188,477.3214721679688,476.2877807617188,477.3214721679688,29039360
2024-07-05 05:30:00+00:00,476.7632141113281,476.7632141113281,474.1787414550781,475.604736328125,13283584
2024-07-05 05:45:00+00:00,475.727294921875,478.35101318359375,475.727294921875,477.65228271484375,21462272
2024-07-05 06:00:00+00:00,477.77001953125,478.5985107421875,477.5651245117188,477.5651245117188,11940608
2024-07-05 06:15:00+00:00,477.4061584472656,477.4061584472656,472.65618896484375,472.65618896484375,4027392
2024-07-05 06:30:00+00:00,472.9194030761719,473.5303039550781,470.6979064941406,473.5303039550781,6595840
2024-07-05 06:45:00+00:00,473.9782104492188,475.0307312011719,471.1926574707031,471.1926574707031,12388352
2024-07-05 07:00:00+00:00,471.0568237304688,471.17041015625,470.0389099121094,470.5791015625,4793856
2024-07-05 07:15:00+00:00,470.2682800292969,471.2224426269531,470.2682800292969,471.2224426269531,13042176
2024-07-05 07:30:00+00:00,470.3958740234375,470.3958740234375,467.9358215332031,467.9358215332031,4367872
2024-07-05 07:45:00+00:00,468.17578125,472.5337524414063,468.17578125,471.8742065429688,15009536
2024-07-05 08:00:00+00:00,471.91839599609375,472.23681640625,469.27679443359375,470.6173095703125,2806784
2024-07-05 08:15:00+00:00,470.6345825195313,471.2120361328125,468.0617370605469,468.71673583984375,6434560
2024-07-05 08:30:00+00:00,468.9143371582031,468.9143371582031,466.3155212402344,466.4592895507813,3050752
2024-07-05 08:45:00+00:00,466.31005859375,466.31005859375,459.3757629394531,459.3757629394531,5780224
2024-07-05 09:00:00+00:00,459.1286010742188,459.1286010742188,456.9234008789063,457.3332824707031,7817216
2024-07-05 09:15:00+00:00,457.8648071289063,465.9901428222656,457.8648071289063,465.9901428222656,27409920
2024-07-05 09:30:00+00:00,467.39361572265625,468.256103515625,466.9552612304688,468.256103515625,16918272
2024-07-05 09:45:00+00:00,468.3538818359375,469.610595703125,468.2085876464844,469.5519409179688,8760832
2024-07-05 10:00:00+00:00,469.4664611816406,473.9837646484375,469.1718444824219,473.9837646484375,17387008
2024-07-05 10:15:00+00:00,474.33203125,476.47900390625,473.748046875,473.748046875,29060352
2024-07-05 10:30:00+00:00,475.40625,477.60784912109375,475.40625,477.60784912109375,14542080
2024-07-05 10:45:00+00:00,477.5513305664063,477.699951171875,475.8299865722656,475.8299865722656,8718080
2024-07-05 11:00:00+00:00,475.85455322265625,479.3269958496094,475.85455322265625,479.3269958496094,14442496
2024-07-05 11:15:00+00:00,479.6500244140625,480.5681762695313,479.24267578125,480.3877258300781,16026112
2024-07-05 11:30:00+00:00,482.6080627441406,484.4468383789063,482.6080627441406,484.3833923339844,45598720
2024-07-05 11:45:00+00:00,484.8074951171875,486.7201843261719,484.8074951171875,485.4666137695313,47180032
2024-07-05 12:00:00+00:00,485.2940368652344,485.2940368652344,482.7291259765625,483.4831848144531,8310272
2024-07-05 12:15:00+00:00,483.88720703125,486.7310180664063,483.88720703125,485.9698791503906,13108224
2024-07-05 12:30:00+00:00,486.6958923339844,486.6958923339844,483.1366882324219,484.0372009277344,22368512
2024-07-05 12:45:00+00:00,484.1061401367188,484.9275817871094,483.9777526855469,483.9777526855469,2293504
2024-07-05 13:00:00+00:00,483.7562255859375,487.7610473632813,483.5972595214844,487.451171875,3450368
2024-07-05 13:15:00+00:00,487.3583679199219,488.0467834472656,486.6912536621094,488.0467834472656,6579200
2024-07-05 13:30:00+00:00,488.70751953125,492.7568054199219,488.70751953125,492.7568054199219,64514304
2024-07-05 13:45:00+00:00,492.6141662597656,492.6141662597656,491.2760925292969,492.361572265625,3652608
2024-07-05 14:00:00+00:00,493.0177001953125,493.9149169921875,488.7979431152344,488.7979431152344,3452672
2024-07-05 14:15:00+00:00,488.7834777832031,489.0925598144531,487.8047790527344,487.8047790527344,2526464
2024-07-05 14:30:00+00:00,487.4458312988281,490.6767883300781,487.4458312988281,490.6767883300781,3115776
2024-07-05 14:45:00+00:00,491.1378479003906,492.2349853515625,491.1378479003906,491.32708740234375,15673344
2024-07-05 15:00:00+00:00,491.03460693359375,496.13275146484375,490.3145446777344,493.8616333007813,20274432
2024-07-05 15:15:00+00:00,494.3280334472656,495.4054260253906,494.0543518066406,494.721435546875,16413952
2024-07-05 15:30:00+00:00,495.2994995117188,495.9726257324219,494.28167724609375,495.8816528320313,12648192
2024-07-05 15:45:00+00:00,495.86822509765625,495.86822509765625,494.2653198242188,494.2653198242188,4462592
2024-07-05 16:00:00+00:00,494.7048950195313,495.6134033203125,493.4844055175781,494.3330993652344,3608064
2024-07-05 16:15:00+00:00,494.4552307128906,499.0669555664063,494.4353637695313,499.0669555664063,15623168
2024-07-05 16:30:00+00:00,497.4772338867188,497.4772338867188,495.63873291015625,495.63873291015625,11032832
2024-07-05 16:45:00+00:00,495.7129211425781,496.5975341796875,495.1427001953125,495.2647705078125,5496064
2024-07-05 17:00:00+00:00,495.4256286621094,495.98480224609375,494.7842712402344,495.5565185546875,5697024
2024-07-05 17:15:00+00:00,495.6978149414063,498.2986145019531,495.6978149414063,498.2986145019531,9700608
2024-07-05 17:30:00+00:00,498.0752868652344,498.4158020019531,497.3497924804688,497.6365356445313,7037696
2024-07-05 17:45:00+00:00,497.4743957519531,498.4448547363281,497.4743957519531,497.91839599609375,1569024
2024-07-05 18:00:00+00:00,497.9623718261719,497.9623718261719,495.43890380859375,495.51416015625,2670848
2024-07-05 18:15:00+00:00,495.4329223632813,496.72454833984375,493.2898559570313,496.72454833984375,9692672
2024-07-05 18:30:00+00:00,496.3180236816406,497.7701110839844,496.0182189941406,496.5134582519531,11277824
2024-07-05 18:45:00+00:00,497.1348876953125,497.8960266113281,497.11083984375,497.8960266113281,3564544
2024-07-05 19:00:00+00:00,497.89251708984375,497.9446716308594,496.621337890625,496.7722473144531,4165376
2024-07-05 19:15:00+00:00,496.74951171875,498.2654724121094,496.260009765625,498.2654724121094,3316736
2024-07-05 19:30:00+00:00,498.4686584472656,498.4686584472656,496.574462890625,497.0285339355469,6510848
2024-07-05 19:45:00+00:00,497.01409912109375,497.1196899414063,495.7459716796875,495.7459716796875,2231552
2024-07-05 20:00:00+00:00,495.8274230957031,496.5520935058594,495.8274230957031,495.99322509765625,4157696
2024-07-05 20:15:00+00:00,496.062744140625,496.062744140625,495.2563781738281,495.36669921875,1473024
2024-07-05 20:30:00+00:00,495.3908996582031,495.586181640625,494.8656921386719,494.9780883789063,2845952
2024-07-05 20:45:00+00:00,495.30999755859375,496.8377075195313,495.30999755859375,496.3601379394531,6465792
2024-07-05 21:00:00+00:00,496.3939208984375,496.8190002441406,496.1429138183594,496.4737548828125,3213056
2024-07-05 21:15:00+00:00,496.5690307617188,496.8414611816406,494.79925537109375,494.9845581054688,775424
2024-07-05 21:30:00+00:00,495.62005615234375,497.7827758789063,495.62005615234375,497.3560180664063,11158016
2024-07-05 21:45:00+00:00,497.276611328125,497.3097839355469,496.710693359375,496.710693359375,3668736
2024-07-05 22:00:00+00:00,496.6011047363281,496.6011047363281,494.5218505859375,495.2995300292969,877824
2024-07-05 22:15:00+00:00,495.3812255859375,497.8251037597656,495.3812255859375,497.8251037597656,7396096
2024-07-05 22:30:00+00:00,497.7557373046875,498.0524291992188,496.8324279785156,496.8324279785156,3892736
2024-07-05 22:45:00+00:00,496.8614501953125,496.95013427734375,495.9129028320313,496.0168762207031,1021696
2024-07-05 23:00:00+00:00,496.1816101074219,497.9033508300781,496.1816101074219,497.9033508300781,3983872
2024-07-05 23:15:00+00:00,498.1056823730469,499.1082458496094,497.9352111816406,498.5377807617188,3164416
2024-07-05 23:30:00+00:00,498.73724365234375,499.3009643554688,498.4827575683594,499.2661743164063,988928
2024-07-05 23:45:00+00:00,499.1407470703125,499.1407470703125,497.66595458984375,498.0269165039063,508928
2024-07-06 00:00:00+00:00,497.9655151367188,498.12249755859375,496.6573181152344,497.7035217285156,5376
2024-07-06 00:15:00+00:00,497.8302612304688,501.2762145996094,497.8302612304688,500.837646484375,3232512
2024-07-06 00:30:00+00:00,500.9497375488281,506.6990356445313,500.7364807128906,506.6990356445313,9169664
2024-07-06 00:45:00+00:00,506.6064453125,506.6064453125,503.1688537597656,503.1807556152344,3766784
2024-07-06 01:00:00+00:00,503.142822265625,503.142822265625,500.3786315917969,500.9063720703125,375808
2024-07-06 01:15:00+00:00,500.8227233886719,501.2742614746094,500.2212829589844,501.1600646972656,700928
2024-07-06 01:30:00+00:00,502.3342895507813,502.3342895507813,500.4980163574219,500.4980163574219,2503424
2024-07-06 01:45:00+00:00,500.6491088867188,501.1148986816406,499.52239990234375,499.52239990234375,7424
2024-07-06 02:00:00+00:00,499.25982666015625,499.25982666015625,496.8910217285156,496.8910217285156,0
2024-07-06 02:15:00+00:00,496.97998046875,499.3743591308594,496.97998046875,499.3355102539063,4124416
2024-07-06 02:30:00+00:00,499.49169921875,502.47259521484375,499.49169921875,502.47259521484375,3201280
2024-07-06 02:45:00+00:00,502.4586486816406,502.9026794433594,502.1399536132813,502.7505493164063,0
2024-07-06 03:00:00+00:00,502.6990051269531,502.7140502929688,502.40924072265625,502.5704956054688,512
2024-07-06 03:15:00+00:00,502.5527648925781,502.8919067382813,501.4205932617188,501.7115783691406,0
2024-07-06 03:30:00+00:00,501.6910705566406,502.9204406738281,501.4620971679688,502.8659362792969,0
2024-07-06 03:45:00+00:00,503.4836730957031,503.7163391113281,503.3227233886719,503.7163391113281,0
2024-07-06 04:00:00+00:00,503.64111328125,503.8309326171875,502.9985656738281,503.0984191894531,0
2024-07-06 04:15:00+00:00,503.1427917480469,503.1427917480469,501.9089965820313,502.04248046875,0
2024-07-06 04:30:00+00:00,502.2637023925781,502.2637023925781,500.3193359375,500.3193359375,0
2024-07-06 04:45:00+00:00,500.28070068359375,501.0203552246094,500.0743713378906,500.0743713378906,0
2024-07-06 05:00:00+00:00,500.0624694824219,500.6191101074219,499.869140625,500.3344421386719,527616
2024-07-06 05:15:00+00:00,500.29400634765625,502.11029052734375,500.29400634765625,502.11029052734375,101120
2024-07-06 05:30:00+00:00,501.96868896484375,502.3150024414063,501.4117431640625,501.4117431640625,146560
2024-07-06 05:45:00+00:00,501.4205322265625,502.0419921875,501.2836608886719,501.6413879394531,1738880
2024-07-06 06:00:00+00:00,501.7564697265625,502.7936096191406,501.5487060546875,502.7936096191406,0
2024-07-06 06:15:00+00:00,502.7077026367188,505.3800964355469,502.7077026367188,505.1215515136719,3515520
2024-07-06 06:30:00+00:00,505.0227966308594,506.9881591796875,505.0227966308594,506.9881591796875,2101376
2024-07-06 06:45:00+00:00,507.0176086425781,507.0439453125,505.38580322265625,506.1129455566406,687488
2024-07-06 07:00:00+00:00,506.20062255859375,509.9056091308594,506.1405029296875,509.87591552734375,6383872
2024-07-06 07:15:00+00:00,509.9031677246094,510.2801818847656,509.0050659179688,509.0050659179688,6197760
2024-07-06 07:30:00+00:00,508.554931640625,509.0570983886719,508.3531494140625,508.85650634765625,898176
2024-07-06 07:45:00+00:00,508.81439208984375,508.81439208984375,507.6553955078125,508.0576171875,2214272
2024-07-06 08:00:00+00:00,508.0184631347656,508.0184631347656,507.2967224121094,507.3249206542969,0
2024-07-06 08:15:00+00:00,507.21923828125,508.3184509277344,507.21923828125,508.3184509277344,1646336
2024-07-06 08:30:00+00:00,508.3923950195313,508.9183349609375,507.8570251464844,508.6987609863281,2670464
2024-07-06 08:45:00+00:00,508.70751953125,508.70751953125,507.2193298339844,507.4573364257813,0
2024-07-06 09:00:00+00:00,507.4986572265625,507.7997741699219,507.4986572265625,507.7997741699219,0
2024-07-06 09:15:00+00:00,507.81781005859375,507.8624267578125,506.4537963867188,506.4537963867188,77184
2024-07-06 09:30:00+00:00,506.1020812988281,506.8456726074219,505.7898864746094,506.8456726074219,0
2024-07-06 09:45:00+00:00,506.9048767089844,509.11376953125,506.7608642578125,509.0346374511719,4067968
2024-07-06 10:00:00+00:00,509.390625,511.1499328613281,509.390625,510.6484680175781,2757888
2024-07-06 10:15:00+00:00,510.8874816894531,511.195068359375,510.5343627929688,510.6125183105469,0
2024-07-06 10:30:00+00:00,510.5835266113281,510.9694519042969,510.166748046875,510.5774841308594,2650368
2024-07-06 10:45:00+00:00,510.5493469238281,511.6258239746094,510.37738037109375,511.6258239746094,0
2024-07-06 11:00:00+00:00,511.42669677734375,511.42669677734375,510.7539978027344,511.1961975097656,1918464
2024-07-06 11:15:00+00:00,511.0894470214844,511.4097595214844,510.966796875,511.3299865722656,1098240
2024-07-06 11:30:00+00:00,511.4275207519531,512.482177734375,511.4275207519531,512.2841796875,0
2024-07-06 11:45:00+00:00,511.9939880371094,513.52783203125,511.9939880371094,513.4478149414062,0
2024-07-06 12:00:00+00:00,513.460693359375,513.7566528320312,513.2344970703125,513.5525512695312,0
2024-07-06 12:15:00+00:00,513.4075927734375,513.5152587890625,512.5007934570312,512.5007934570312,2451712
2024-07-06 12:30:00+00:00,511.8129577636719,511.9144592285156,510.3504028320313,510.3504028320313,931712
2024-07-06 12:45:00+00:00,510.26995849609375,510.6767272949219,509.42230224609375,510.6767272949219,1556480
2024-07-06 13:00:00+00:00,510.8601989746094,511.2301635742188,509.9653015136719,510.3229064941406,664448
2024-07-06 13:15:00+00:00,510.4906921386719,510.9020080566406,509.8948669433594,510.7414855957031,1232128
2024-07-06 13:30:00+00:00,511.0884094238281,512.0250244140625,511.0884094238281,511.5892028808594,1980672
2024-07-06 13:45:00+00:00,511.64544677734375,514.3305053710938,511.64544677734375,513.9147338867188,10370816
2024-07-06 14:00:00+00:00,513.6802368164062,514.4806518554688,512.1016845703125,512.1016845703125,67968
2024-07-06 14:15:00+00:00,512.2431030273438,512.4085693359375,512.1016235351562,512.1016845703125,2547328
2024-07-06 14:30:00+00:00,512.7913208007812,514.8062133789062,512.7666625976562,514.5950927734375,6244352
2024-07-06 14:45:00+00:00,514.867431640625,515.6471557617188,514.867431640625,515.6471557617188,3644544
2024-07-06 15:00:00+00:00,515.3909912109375,517.0761108398438,515.3909912109375,516.1826782226562,584064
2024-07-06 15:15:00+00:00,516.3139038085938,517.107666015625,516.3139038085938,517.107666015625,1656704
2024-07-06 15:30:00+00:00,517.18408203125,519.72265625,517.18408203125,519.72265625,8856832
2024-07-06 15:45:00+00:00,519.7266845703125,520.11376953125,518.4369506835938,518.4369506835938,2765568
2024-07-06 16:00:00+00:00,518.6927490234375,519.7554931640625,518.6927490234375,519.7554931640625,2230656
2024-07-06 16:15:00+00:00,519.7423706054688,522.6183471679688,519.7423706054688,522.6183471679688,5516800
2024-07-06 16:30:00+00:00,523.0678100585938,526.169921875,523.0064086914062,526.169921875,14022912
2024-07-06 16:45:00+00:00,527.0211791992188,527.1509399414062,525.6981811523438,525.8524169921875,10381056
2024-07-06 17:00:00+00:00,526.1193237304688,526.4019775390625,524.4524536132812,524.4524536132812,1857664
2024-07-06 17:15:00+00:00,524.1640625,525.749267578125,524.1640625,525.7459106445312,5538176
2024-07-06 17:30:00+00:00,525.7094116210938,525.7094116210938,524.9581298828125,524.990966796875,887552
2024-07-06 17:45:00+00:00,524.8073120117188,524.8073120117188,524.0326538085938,524.3598022460938,1085824
2024-07-06 18:00:00+00:00,524.3952026367188,525.8046264648438,524.3952026367188,525.3009643554688,4449536
2024-07-06 18:15:00+00:00,525.1256103515625,525.1256103515625,524.8477172851562,524.8477172851562,0
2024-07-06 18:30:00+00:00,524.9608154296875,525.1658935546875,524.5415649414062,524.8575439453125,3477504
2024-07-06 18:45:00+00:00,524.863525390625,524.942138671875,524.7920532226562,524.942138671875,2995584
2024-07-06 19:00:00+00:00,525.0076904296875,525.0554809570312,524.0800170898438,524.5669555664062,117248
2024-07-06 19:15:00+00:00,525.3938598632812,526.1041259765625,525.3938598632812,525.7454223632812,3228160
2024-07-06 19:30:00+00:00,525.7708740234375,526.303955078125,525.7708740234375,525.7911987304688,2374144
2024-07-06 19:45:00+00:00,525.74365234375,526.9976196289062,525.74365234375,526.9976196289062,3741696
2024-07-06 20:00:00+00:00,526.8195190429688,528.0155639648438,526.7179565429688,527.7129516601562,2971008
2024-07-06 20:15:00+00:00,527.6990356445312,528.540283203125,527.6990356445312,528.540283203125,5257216
2024-07-06 20:30:00+00:00,528.5650634765625,528.87060546875,527.4395141601562,527.4395141601562,6145280
2024-07-06 20:45:00+00:00,527.3997192382812,527.3997192382812,526.5845947265625,527.2404174804688,4209408
2024-07-06 21:00:00+00:00,527.1381225585938,529.0225830078125,527.1381225585938,528.4483032226562,6216576
2024-07-06 21:15:00+00:00,527.9717407226562,527.9717407226562,527.35888671875,527.6262817382812,1619328
2024-07-06 21:30:00+00:00,527.1915283203125,527.1915283203125,526.5469970703125,526.592529296875,1847168
2024-07-06 21:45:00+00:00,526.6119995117188,527.2426147460938,526.6119995117188,526.6939086914062,4132736
2024-07-06 22:00:00+00:00,526.6087646484375,527.6661987304688,526.6087646484375,527.6661987304688,2248448
2024-07-06 22:15:00+00:00,527.5924682617188,528.7131958007812,527.5924682617188,528.1610107421875,6466560
2024-07-06 22:30:00+00:00,528.2335205078125,528.506591796875,528.2160034179688,528.3990478515625,2410752
2024-07-06 22:45:00+00:00,528.4459228515625,528.8387451171875,528.439697265625,528.8387451171875,2685056
2024-07-06 23:00:00+00:00,528.8126831054688,528.8126831054688,527.8826904296875,528.0051879882812,2052224
2024-07-06 23:15:00+00:00,528.5013427734375,530.1154174804688,528.5013427734375,529.9657592773438,5038080
2024-07-06 23:30:00+00:00,530.012939453125,530.4472045898438,528.6436767578125,528.679443359375,3600000
2024-07-06 23:45:00+00:00,528.8633422851562,528.8633422851562,527.2163696289062,528.0110473632812,5448448
2024-07-07 00:00:00+00:00,527.4404907226562,527.4404907226562,524.3373413085938,524.3373413085938,5074688
2024-07-07 00:15:00+00:00,524.5997924804688,525.352783203125,524.5997924804688,524.983154296875,3233408
2024-07-07 00:30:00+00:00,524.9923706054688,525.0523681640625,522.7276000976562,522.9642333984375,4103808
2024-07-07 00:45:00+00:00,523.10498046875,523.10498046875,520.9302978515625,520.9302978515625,2424320
2024-07-07 01:00:00+00:00,520.6287231445312,520.6287231445312,518.7567138671875,519.7036743164062,1962368
2024-07-07 01:15:00+00:00,519.7307739257812,520.0892944335938,517.7162475585938,517.7162475585938,3631744
2024-07-07 01:30:00+00:00,518.188232421875,519.2666015625,518.188232421875,519.057373046875,5803648
2024-07-07 01:45:00+00:00,519.3583984375,521.695556640625,519.3583984375,521.695556640625,4991104
2024-07-07 02:00:00+00:00,521.584228515625,522.4611206054688,521.2261962890625,522.4611206054688,6296576
2024-07-07 02:15:00+00:00,522.9136352539062,523.400634765625,522.3892822265625,522.3892822265625,4703360
2024-07-07 02:30:00+00:00,522.2799682617188,522.4774169921875,522.1456298828125,522.4774169921875,3368192
2024-07-07 02:45:00+00:00,522.5025024414062,523.3048706054688,522.4743041992188,522.4743041992188,2089728
2024-07-07 03:00:00+00:00,522.574951171875,522.752197265625,519.7797241210938,519.7797241210938,5093888
2024-07-07 03:15:00+00:00,519.1649780273438,519.7416381835938,518.9397583007812,519.7416381835938,4927744
2024-07-07 03:30:00+00:00,519.7289428710938,520.0365600585938,519.43115234375,519.4896240234375,5518720
2024-07-07 03:45:00+00:00,519.1953735351562,519.2074584960938,518.7630004882812,518.7630004882812,2636288
2024-07-07 04:00:00+00:00,518.6500244140625,518.7027587890625,517.1690063476562,517.52490234375,5850112
2024-07-07 04:15:00+00:00,517.3074340820312,517.9695434570312,517.0925903320312,517.7000732421875,2899968
2024-07-07 04:30:00+00:00,517.709716796875,517.709716796875,512.5623168945312,512.5970458984375,10314880
2024-07-07 04:45:00+00:00,512.4837646484375,512.4837646484375,511.3430786132813,511.4079284667969,1945856
2024-07-07 05:00:00+00:00,511.313232421875,511.4632568359375,508.2088623046875,509.61627197265625,9192448
2024-07-07 05:15:00+00:00,510.40045166015625,511.96826171875,510.40045166015625,511.7716369628906,15247104
2024-07-07 05:30:00+00:00,511.958984375,512.3125610351562,511.6356201171875,511.6930847167969,7737984
2024-07-07 05:45:00+00:00,511.8072509765625,512.0686645507812,511.39349365234375,511.39349365234375,5483904
2024-07-07 06:00:00+00:00,511.4629211425781,511.6279296875,510.9101867675781,510.9610595703125,3248512
2024-07-07 06:15:00+00:00,510.8229675292969,511.924560546875,510.55181884765625,511.924560546875,8183168
2024-07-07 06:30:00+00:00,512.1624145507812,514.221435546875,512.15673828125,514.221435546875,9768704
2024-07-07 06:45:00+00:00,514.2628173828125,514.2628173828125,512.5238647460938,512.5238647460938,5279360
2024-07-07 07:00:00+00:00,512.324462890625,513.9725341796875,512.0509033203125,512.8699340820312,4577024
2024-07-07 07:15:00+00:00,512.3991088867188,513.3619995117188,509.230224609375,509.230224609375,2615552
2024-07-07 07:30:00+00:00,509.1500854492188,509.1500854492188,505.0858459472656,505.5071716308594,6546944
2024-07-07 07:45:00+00:00,505.8930969238281,509.2368469238281,505.8930969238281,508.945068359375,12771328
2024-07-07 08:00:00+00:00,508.9791259765625,510.7295837402344,508.9791259765625,509.9766540527344,5256064
2024-07-07 08:15:00+00:00,510.3318786621094,510.3318786621094,508.0901184082031,508.0901184082031,5052416
2024-07-07 08:30:00+00:00,508.3953247070313,509.1216125488281,508.3510437011719,508.7633361816406,3898624
2024-07-07 08:45:00+00:00,509.1632995605469,510.3748779296875,509.1632995605469,510.3372192382813,6548608
2024-07-07 09:00:00+00:00,510.3211669921875,511.4698181152344,510.3211669921875,510.49365234375,8790016
2024-07-07 09:15:00+00:00,510.22857666015625,511.2467041015625,510.2156372070313,511.2467041015625,402432
2024-07-07 09:30:00+00:00,511.72216796875,512.550537109375,510.7174377441406,510.8058471679688,4994432
2024-07-07 09:45:00+00:00,510.7218627929688,510.7218627929688,510.3726196289063,510.6798706054688,4198144
2024-07-07 10:00:00+00:00,510.6971740722656,511.44378662109375,510.4595031738281,510.483642578125,151424
2024-07-07 10:15:00+00:00,510.3227844238281,510.5731201171875,509.3999938964844,510.5731201171875,1155840
2024-07-07 10:30:00+00:00,510.2677001953125,511.6399841308594,509.58441162109375,509.58441162109375,7064192
2024-07-07 10:45:00+00:00,509.6160583496094,509.6160583496094,508.6368408203125,508.7632141113281,363776
2024-07-07 11:00:00+00:00,508.7155151367188,509.34759521484375,508.5443115234375,509.0293884277344,5278848
2024-07-07 11:15:00+00:00,508.78118896484375,508.78118896484375,507.59771728515625,507.59771728515625,2414720
2024-07-07 11:30:00+00:00,507.6431884765625,508.7295837402344,507.6429138183594,507.8014526367188,3872256
2024-07-07 11:45:00+00:00,507.809326171875,508.768310546875,507.6365661621094,508.768310546875,1863040
2024-07-07 12:00:00+00:00,508.7705078125,509.456787109375,508.1187744140625,509.456787109375,6243584
2024-07-07 12:15:00+00:00,509.4563903808594,510.2378540039063,508.8442993164063,508.8442993164063,5585664
2024-07-07 12:30:00+00:00,508.6190490722656,508.6190490722656,507.16217041015625,507.16217041015625,1939712
2024-07-07 12:45:00+00:00,506.78033447265625,506.9186401367188,505.3554382324219,506.8512878417969,3143808
2024-07-07 13:00:00+00:00,506.87689208984375,507.0225830078125,503.453369140625,503.453369140625,8526080
2024-07-07 13:15:00+00:00,502.8256530761719,502.8256530761719,497.6368408203125,497.6368408203125,17810048
2024-07-07 13:30:00+00:00,498.7317504882813,499.9806823730469,497.2054138183594,497.2054138183594,18276480
2024-07-07 13:45:00+00:00,497.4043273925781,498.96282958984375,497.4043273925781,498.5850524902344,8180608
2024-07-07 14:00:00+00:00,498.7884826660156,498.7884826660156,494.9548645019531,495.0611877441406,6828800
2024-07-07 14:15:00+00:00,495.9266662597656,496.1871948242188,494.95703125,496.1871948242188,6977664
2024-07-07 14:30:00+00:00,496.3239135742188,497.6974182128906,496.3239135742188,496.385498046875,7191424
2024-07-07 14:45:00+00:00,496.3888549804688,496.3888549804688,494.9665832519531,496.1015930175781,1434368
2024-07-07 15:00:00+00:00,495.9725341796875,498.3380432128906,495.9725341796875,497.63665771484375,11411584
2024-07-07 15:15:00+00:00,497.9047546386719,500.3152465820313,497.9047546386719,500.3152465820313,12220800
2024-07-07 15:30:00+00:00,500.3157348632813,500.3157348632813,498.6565246582031,499.8393859863281,2919552
2024-07-07 15:45:00+00:00,498.8918762207031,498.8918762207031,497.00531005859375,498.5746154785156,2272768
2024-07-07 16:00:00+00:00,498.5877075195313,500.6673889160156,497.9389343261719,500.6673889160156,5373824
2024-07-07 16:15:00+00:00,500.535400390625,501.5266723632813,500.169189453125,501.3621215820313,9412608
2024-07-07 16:30:00+00:00,501.1277160644531,502.3186645507813,501.1277160644531,502.3186645507813,957312
2024-07-07 16:45:00+00:00,502.1471862792969,502.572998046875,501.60546875,501.8423767089844,1454720
2024-07-07 17:00:00+00:00,501.9289245605469,502.2936096191406,501.3735656738281,501.3735656738281,3054464
2024-07-07 17:15:00+00:00,501.0256652832031,501.0256652832031,498.5269470214844,498.5269470214844,224256
2024-07-07 17:30:00+00:00,498.4642028808594,499.7414855957031,498.3416748046875,499.7414855957031,3599872
2024-07-07 17:45:00+00:00,499.67669677734375,502.1384887695313,499.67669677734375,502.0738830566406,7523968
2024-07-07 18:00:00+00:00,501.9486389160156,503.6248779296875,501.9486389160156,503.2855529785156,5143808
2024-07-07 18:15:00+00:00,503.0016479492188,503.0016479492188,501.9541015625,502.0263366699219,5167104
2024-07-07 18:30:00+00:00,502.0362854003906,502.0362854003906,501.1515197753906,501.5470886230469,3617408
2024-07-07 18:45:00+00:00,501.546630859375,501.546630859375,500.957763671875,501.3445129394531,2047872
2024-07-07 19:00:00+00:00,501.1872253417969,501.2430419921875,500.8307800292969,501.23541259765625,3347200
2024-07-07 19:15:00+00:00,501.3330993652344,501.4220581054688,499.6658630371094,499.7341613769531,1599104
2024-07-07 19:30:00+00:00,499.988037109375,500.5289916992188,499.988037109375,500.2681579589844,862592
2024-07-07 19:45:00+00:00,500.2552185058594,500.4257507324219,500.0909118652344,500.2566528320313,2886016
2024-07-07 20:00:00+00:00,500.2979431152344,500.9769592285156,500.1086120605469,500.9769592285156,5795840
2024-07-07 20:15:00+00:00,500.9056396484375,502.1200256347656,500.9056396484375,502.1200256347656,6229888
2024-07-07 20:30:00+00:00,501.8826293945313,501.9520568847656,501.4651184082031,501.7850036621094,4398336
2024-07-07 20:45:00+00:00,501.9125061035156,502.2112731933594,501.1263427734375,501.34613037109375,3230976
2024-07-07 21:00:00+00:00,501.3544006347656,501.3544006347656,498.4228820800781,498.4228820800781,654720
2024-07-07 21:15:00+00:00,498.1995544433594,498.1995544433594,492.76507568359375,492.76507568359375,3618176
2024-07-07 21:30:00+00:00,492.43402099609375,495.7032775878906,492.3757934570313,495.7032775878906,10519040
2024-07-07 21:45:00+00:00,495.72943115234375,497.00732421875,495.3627624511719,496.5755310058594,6571648
2024-07-07 22:00:00+00:00,496.496337890625,497.4536743164063,496.286865234375,496.578857421875,8249344
2024-07-07 22:15:00+00:00,496.5439453125,497.0726623535156,496.3053283691406,497.0726623535156,871552
2024-07-07 22:30:00+00:00,496.4723815917969,496.6419677734375,495.834716796875,495.834716796875,2364032
2024-07-07 22:45:00+00:00,496.058349609375,496.058349609375,492.7075500488281,492.7075500488281,4932864
2024-07-07 23:00:00+00:00,493.1437377929688,494.2905883789063,492.5422973632813,493.6653137207031,1372544
2024-07-07 23:15:00+00:00,493.99365234375,494.805908203125,493.3941040039063,493.3941040039063,7967104
2024-07-07 23:30:00+00:00,493.8314514160156,493.8455810546875,491.4470520019531,491.4470520019531,2268032
2024-07-07 23:45:00+00:00,491.3575439453125,491.3575439453125,488.9649353027344,490.6728515625,2616192
2024-07-08 00:00:00+00:00,490.9837951660156,491.010498046875,487.9559326171875,488.5140075683594,3056768
2024-07-08 00:15:00+00:00,488.0906982421875,491.42181396484375,488.0906982421875,491.0245056152344,16748032
2024-07-08 00:30:00+00:00,491.86468505859375,491.9013366699219,483.2242431640625,483.2242431640625,9422592
2024-07-08 00:45:00+00:00,483.5339660644531,483.5339660644531,480.9845275878906,480.9845275878906,6573824
2024-07-08 01:00:00+00:00,480.2159118652344,480.2159118652344,474.2912292480469,474.2912292480469,5990656
2024-07-08 01:15:00+00:00,473.78997802734375,473.78997802734375,472.2540588378906,473.4254150390625,24642944
2024-07-08 01:30:00+00:00,476.3355407714844,476.4948425292969,474.5505981445313,476.1129760742188,24653952
2024-07-08 01:45:00+00:00,476.3116760253906,480.0526123046875,476.3116760253906,480.0526123046875,27160960
2024-07-08 02:00:00+00:00,481.46588134765625,483.2439270019531,480.26361083984375,481.3667602539063,23535616
2024-07-08 02:15:00+00:00,481.154052734375,485.47943115234375,479.188232421875,485.47943115234375,13677952
2024-07-08 02:30:00+00:00,485.4854431152344,486.6467590332031,485.4854431152344,486.2130737304688,17336960
2024-07-08 02:45:00+00:00,486.17041015625,486.3790588378906,485.6101989746094,485.7273254394531,4026752
2024-07-08 03:00:00+00:00,486.1631164550781,486.5150451660156,483.8245544433594,483.8245544433594,1981056
2024-07-08 03:15:00+00:00,484.05810546875,484.6251831054688,483.5882263183594,484.6251831054688,5013504
2024-07-08 03:30:00+00:00,485.1720275878906,487.9095153808594,485.1720275878906,486.6664123535156,19843072
2024-07-08 03:45:00+00:00,486.6923828125,487.8332824707031,486.2361450195313,487.8135070800781,2029568
2024-07-08 04:00:00+00:00,488.4919128417969,490.02679443359375,488.2835693359375,489.7991638183594,8411520
2024-07-08 04:15:00+00:00,489.9759216308594,491.6514587402344,489.9759216308594,491.1859130859375,10061952
2024-07-08 04:30:00+00:00,491.85345458984375,500.0269165039063,491.85345458984375,499.2954711914063,35837440
2024-07-08 04:45:00+00:00,499.19281005859375,501.6414184570313,499.19281005859375,501.6414184570313,20815744
2024-07-08 05:00:00+00:00,503.859130859375,508.9145812988281,503.859130859375,506.9448852539063,22082688
2024-07-08 05:15:00+00:00,506.6294555664063,506.8692321777344,502.8713073730469,502.8713073730469,21854464
2024-07-08 05:30:00+00:00,501.9927978515625,501.9927978515625,499.7379150390625,500.69970703125,9107584
2024-07-08 05:45:00+00:00,500.3097839355469,500.3097839355469,499.4787902832031,500.2529296875,4438016
2024-07-08 06:00:00+00:00,500.0968017578125,500.0968017578125,497.5679626464844,497.9278259277344,10643840
2024-07-08 06:15:00+00:00,498.4743957519531,502.76470947265625,498.4743957519531,502.76470947265625,20119808
2024-07-08 06:30:00+00:00,502.0635986328125,503.5185852050781,502.0635986328125,503.1191711425781,7055104
2024-07-08 06:45:00+00:00,503.35003662109375,504.1359558105469,501.4596252441406,501.4596252441406,4440064
2024-07-08 07:00:00+00:00,501.8585815429688,501.8585815429688,499.5099792480469,499.5099792480469,1433344
2024-07-08 07:15:00+00:00,499.1971130371094,500.0760498046875,498.5025024414063,500.0760498046875,4694912
2024-07-08 07:30:00+00:00,500.8065490722656,501.5994567871094,500.5948181152344,500.5948181152344,3276032
2024-07-08 07:45:00+00:00,500.7156372070313,501.7345275878906,500.7156372070313,501.7345275878906,2546560
2024-07-08 08:00:00+00:00,501.5642395019531,506.19085693359375,501.5642395019531,506.1413269042969,18404864
2024-07-08 08:15:00+00:00,506.8432922363281,513.0623168945312,506.8432922363281,513.0623168945312,31314304
2024-07-08 08:30:00+00:00,514.0242919921875,515.5462646484375,513.7500610351562,515.5462646484375,27369216
2024-07-08 08:45:00+00:00,516.2893676757812,520.8643798828125,516.2893676757812,519.9857177734375,46892032
2024-07-08 09:00:00+00:00,520.7084350585938,522.9967651367188,518.71044921875,518.71044921875,29527552
2024-07-08 09:15:00+00:00,518.1390380859375,518.4160766601562,515.826171875,518.4160766601562,12511616
2024-07-08 09:30:00+00:00,518.0435180664062,518.0706787109375,513.7755737304688,513.7755737304688,10157824
2024-07-08 09:45:00+00:00,514.2003173828125,514.4686279296875,513.5144653320312,514.1701049804688,9805184
2024-07-08 10:00:00+00:00,513.789794921875,515.3882446289062,512.6923828125,515.3882446289062,9006208
2024-07-08 10:15:00+00:00,515.4656372070312,516.3425903320312,514.4324951171875,514.4660034179688,11608448
2024-07-08 10:30:00+00:00,514.0479125976562,514.0479125976562,512.835205078125,513.8922119140625,3725696
2024-07-08 10:45:00+00:00,513.9323120117188,514.0433959960938,509.8667297363281,509.8667297363281,7618560
2024-07-08 11:00:00+00:00,509.3823547363281,513.5203247070312,509.3823547363281,513.3984985351562,15998720
2024-07-08 11:15:00+00:00,513.3941650390625,514.9986572265625,513.1024780273438,514.1475219726562,8491264
2024-07-08 11:30:00+00:00,514.1038208007812,515.9632568359375,513.8004760742188,515.573486328125,11844096
2024-07-08 11:45:00+00:00,515.6090087890625,515.778076171875,514.78466796875,514.8350830078125,4982912
2024-07-08 12:00:00+00:00,515.233154296875,515.233154296875,512.6168212890625,512.6168212890625,105472
2024-07-08 12:15:00+00:00,512.718017578125,515.9723510742188,512.718017578125,515.9723510742188,10877952
2024-07-08 12:30:00+00:00,515.5272216796875,515.7437133789062,514.9100952148438,515.7437133789062,7249152
2024-07-08 12:45:00+00:00,515.6486206054688,517.2606201171875,515.3265991210938,515.406982421875,12070400
2024-07-08 13:00:00+00:00,515.5466918945312,517.0621337890625,514.5347900390625,517.0274658203125,6798848
2024-07-08 13:15:00+00:00,516.8618774414062,516.8953247070312,515.9708862304688,516.190185546875,904448
2024-07-08 13:30:00+00:00,515.5840454101562,515.5840454101562,512.9356079101562,513.0911865234375,4717440
2024-07-08 13:45:00+00:00,513.0366821289062,513.0366821289062,510.3747863769531,511.7404174804688,3549056
2024-07-08 14:00:00+00:00,512.1829833984375,513.494140625,512.044189453125,512.3823852539062,2186880
2024-07-08 14:15:00+00:00,512.4899291992188,512.9697265625,508.89947509765625,508.89947509765625,4204160
2024-07-08 14:30:00+00:00,501.1946716308594,501.1946716308594,494.5795593261719,500.4612731933594,74439168
2024-07-08 14:45:00+00:00,500.8856201171875,505.1081848144531,500.8856201171875,502.5727844238281,49389824
2024-07-08 15:00:00+00:00,503.4448547363281,507.2136840820313,503.0518493652344,507.2136840820313,17055744
2024-07-08 15:15:00+00:00,505.9189758300781,507.3570251464844,505.8128356933594,506.3085021972656,23404544
2024-07-08 15:30:00+00:00,506.1594543457031,506.4295043945313,502.9570007324219,502.9570007324219,4171008
2024-07-08 15:45:00+00:00,502.9285583496094,503.3285827636719,501.56549072265625,501.56549072265625,4090112
2024-07-08 16:00:00+00:00,501.6368713378906,503.3716430664063,501.6338195800781,503.02001953125,7410176
2024-07-08 16:15:00+00:00,503.0757751464844,503.16845703125,499.9604187011719,499.9604187011719,3120640
2024-07-08 16:30:00+00:00,498.3247375488281,500.2927551269531,498.3247375488281,500.2927551269531,10742528
2024-07-08 16:45:00+00:00,500.74908447265625,502.6709899902344,500.74908447265625,502.4251403808594,10108160
2024-07-08 17:00:00+00:00,502.5324096679688,503.693115234375,501.2410583496094,503.693115234375,5418240
2024-07-08 17:15:00+00:00,503.5982055664063,503.8109130859375,502.3079528808594,503.303955078125,6788864
2024-07-08 17:30:00+00:00,502.7321472167969,504.363525390625,502.7321472167969,503.8235473632813,10863872
2024-07-08 17:45:00+00:00,503.826904296875,504.8009643554688,503.6520690917969,504.8009643554688,3683072
2024-07-08 18:00:00+00:00,505.233154296875,505.233154296875,504.5469055175781,505.0015869140625,3551744
2024-07-08 18:15:00+00:00,505.0655822753906,505.4785461425781,504.88427734375,504.967529296875,4242944
2024-07-08 18:30:00+00:00,505.17083740234375,506.7897033691406,505.1111755371094,506.3590698242188,8025600
2024-07-08 18:45:00+00:00,506.0765075683594,506.3057861328125,505.4058227539063,505.8275146484375,3859968
2024-07-08 19:00:00+00:00,505.5704956054688,506.8052062988281,505.5704956054688,506.7202453613281,4385536
2024-07-08 19:15:00+00:00,506.5173645019531,507.88525390625,505.9614868164063,507.88525390625,4602624
2024-07-08 19:30:00+00:00,507.2395324707031,507.2395324707031,506.4228820800781,506.6418151855469,4904704
2024-07-08 19:45:00+00:00,506.6162414550781,507.62603759765625,506.1546325683594,507.4966430664063,6684672
2024-07-08 20:00:00+00:00,507.4898681640625,507.70556640625,506.7743225097656,507.5222778320313,2771200
2024-07-08 20:15:00+00:00,506.5948791503906,506.9686279296875,505.8685302734375,506.8423767089844,7261440
2024-07-08 20:30:00+00:00,508.1189575195313,508.8381652832031,507.9208679199219,508.7931518554688,10095872
2024-07-08 20:45:00+00:00,508.8197326660156,508.8532104492188,507.9357299804688,507.9357299804688,4346112
2024-07-08 21:00:00+00:00,507.8191223144531,507.8191223144531,507.0074462890625,507.1387023925781,2908160
2024-07-08 21:15:00+00:00,507.4294738769531,509.26068115234375,507.4294738769531,508.8319091796875,3360256
2024-07-08 21:30:00+00:00,509.3023071289063,510.5913696289063,509.2703552246094,509.2703552246094,5495552
2024-07-08 21:45:00+00:00,509.3667297363281,510.4593200683594,509.3667297363281,510.4593200683594,5278720
2024-07-08 22:00:00+00:00,510.5000915527344,510.984619140625,509.7542419433594,510.9762573242188,5541888
2024-07-08 22:15:00+00:00,510.7861633300781,512.1506958007812,510.4228515625,512.1506958007812,4858112
2024-07-08 22:45:00+00:00,511.1991882324219,511.1991882324219,510.8263549804688,510.84967041015625,2741248
2024-07-08 23:00:00+00:00,510.99224853515625,510.9974670410156,510.3251037597656,510.9974670410156,378368
2024-07-08 23:15:00+00:00,511.1292114257813,511.7110290527344,510.7033386230469,510.7033386230469,1934080
2024-07-08 23:30:00+00:00,511.0584106445313,511.4137268066406,510.7594299316406,510.8382568359375,3832576
2024-07-08 23:45:00+00:00,510.7754211425781,510.7754211425781,510.43505859375,510.5773315429688,217088
2024-07-09 00:00:00+00:00,510.5493469238281,510.7693481445313,510.2756652832031,510.3536987304688,163328
2024-07-09 00:15:00+00:00,510.3068237304688,510.3753967285156,508.5810241699219,508.5810241699219,0
2024-07-09 00:30:00+00:00,508.4511413574219,509.4656372070313,507.6679992675781,509.4656372070313,1960704
2024-07-09 00:45:00+00:00,509.331298828125,509.9585571289063,508.8499145507813,509.9585571289063,2376960
2024-07-09 01:00:00+00:00,509.4440612792969,514.2140502929688,509.30517578125,514.2140502929688,1194240
2024-07-09 01:15:00+00:00,514.1123657226562,514.9771118164062,510.9325256347656,510.9325256347656,6143488
2024-07-09 01:30:00+00:00,510.3370666503906,510.3370666503906,507.62054443359375,507.7151794433594,0
2024-07-09 01:45:00+00:00,507.8254699707031,509.352294921875,507.8254699707031,508.5815734863281,3015168
2024-07-09 02:00:00+00:00,508.4039916992188,508.4386596679688,507.2747802734375,507.85540771484375,986880
2024-07-09 02:15:00+00:00,507.9035339355469,509.8782043457031,507.9035339355469,509.8782043457031,3045120
2024-07-09 02:30:00+00:00,510.1487426757813,511.6226196289063,509.9486083984375,511.5255126953125,5174528
2024-07-09 02:45:00+00:00,511.5641784667969,514.0174560546875,511.3182373046875,514.0174560546875,8817152
2024-07-09 03:00:00+00:00,514.8428344726562,514.9716186523438,514.6218872070312,514.8561401367188,7621632
2024-07-09 03:15:00+00:00,514.6190795898438,514.6190795898438,511.4490661621094,511.4490661621094,2312192
2024-07-09 03:30:00+00:00,510.805908203125,512.5631713867188,510.805908203125,512.5631713867188,831488
2024-07-09 03:45:00+00:00,512.5692749023438,514.4335327148438,512.5692749023438,513.8316040039062,7357440
2024-07-09 04:00:00+00:00,513.7595825195312,515.49853515625,513.7595825195312,515.49853515625,923008
2024-07-09 04:15:00+00:00,515.48193359375,515.487060546875,514.25390625,515.060546875,2291712
2024-07-09 04:30:00+00:00,515.0718994140625,515.5206909179688,514.9664306640625,515.2039794921875,2401152
2024-07-09 04:45:00+00:00,514.6022338867188,514.8703002929688,513.771484375,514.83056640625,1536
2024-07-09 05:00:00+00:00,514.4761962890625,514.9644165039062,513.7937622070312,513.7937622070312,0
2024-07-09 05:15:00+00:00,513.8262329101562,514.9234008789062,513.8262329101562,514.261962890625,0
2024-07-09 05:30:00+00:00,514.683349609375,515.00732421875,513.8681640625,514.5433959960938,178944
2024-07-09 05:45:00+00:00,514.5191040039062,514.5191040039062,513.5780029296875,514.06884765625,1939200
2024-07-09 06:00:00+00:00,514.1544799804688,514.4594116210938,512.7145385742188,514.3775634765625,2928640
2024-07-09 06:15:00+00:00,514.3296508789062,515.2177124023438,514.3296508789062,515.2177124023438,100608
2024-07-09 06:30:00+00:00,515.3451538085938,515.8680419921875,515.0767822265625,515.1552734375,6697472
2024-07-09 06:45:00+00:00,515.4298706054688,515.8292846679688,515.4071044921875,515.4415893554688,4503552
2024-07-09 07:00:00+00:00,515.4087524414062,515.4989624023438,513.78271484375,514.0346069335938,0
2024-07-09 07:15:00+00:00,514.169921875,514.3560180664062,513.1465454101562,513.398681640625,213120
2024-07-09 07:30:00+00:00,514.0454711914062,514.4380493164062,513.19140625,513.3450317382812,3878656
2024-07-09 07:45:00+00:00,513.0338134765625,513.2333374023438,512.4853515625,512.4853515625,1958784
2024-07-09 08:00:00+00:00,512.5121459960938,513.08349609375,512.1969604492188,513.08349609375,487552
2024-07-09 08:15:00+00:00,513.1273193359375,516.1358642578125,513.1273193359375,515.6210327148438,7498368
2024-07-09 08:30:00+00:00,515.7283935546875,517.6529541015625,515.7283935546875,517.6529541015625,3595904
2024-07-09 08:45:00+00:00,517.7681884765625,517.7681884765625,515.3130493164062,515.3130493164062,4123520
2024-07-09 09:00:00+00:00,515.0633544921875,517.171875,515.0633544921875,516.484130859375,0
2024-07-09 09:15:00+00:00,516.4015502929688,516.8856811523438,516.3116455078125,516.7081909179688,0
2024-07-09 09:30:00+00:00,516.3626098632812,517.3450317382812,516.3626098632812,516.7670288085938,3103232
2024-07-09 09:45:00+00:00,516.7693481445312,517.0029907226562,516.1068115234375,516.1068115234375,2293632
2024-07-09 10:00:00+00:00,515.8114624023438,516.4666748046875,515.748046875,516.1364135742188,775168
2024-07-09 10:15:00+00:00,516.142578125,516.142578125,514.8755493164062,514.9222412109375,1516416
2024-07-09 10:30:00+00:00,515.0018920898438,515.6704711914062,515.0018920898438,515.2330932617188,1417344
2024-07-09 10:45:00+00:00,515.05859375,515.8272705078125,515.05859375,515.3410034179688,2160640
2024-07-09 11:00:00+00:00,515.5017700195312,515.5017700195312,513.7581787109375,513.9541015625,1001216
2024-07-09 11:15:00+00:00,513.9688110351562,515.745361328125,513.9688110351562,515.745361328125,1956352
2024-07-09 11:30:00+00:00,516.3438110351562,516.6554565429688,516.1163940429688,516.6554565429688,4993280
2024-07-09 11:45:00+00:00,516.9596557617188,517.0570068359375,516.1539916992188,516.1539916992188,2376064
2024-07-09 12:00:00+00:00,516.2598876953125,516.4692993164062,515.3065795898438,515.717529296875,188800
2024-07-09 12:15:00+00:00,515.7776489257812,516.1134033203125,514.4342041015625,514.4342041015625,607360
2024-07-09 12:30:00+00:00,514.8847045898438,515.44921875,514.8847045898438,515.3804931640625,2598144
2024-07-09 12:45:00+00:00,515.28271484375,516.8810424804688,515.28271484375,515.93115234375,2326400
2024-07-09 13:00:00+00:00,516.1896362304688,516.8389892578125,515.4197387695312,515.4197387695312,209792
2024-07-09 13:15:00+00:00,515.580810546875,515.955810546875,515.4761352539062,515.86474609375,2042624
2024-07-09 13:30:00+00:00,515.392333984375,516.5402221679688,514.9013061523438,514.9013061523438,3276800
2024-07-09 13:45:00+00:00,515.206298828125,515.6424560546875,514.6566772460938,515.6424560546875,1608960
2024-07-09 14:00:00+00:00,516.3009033203125,517.0337524414062,514.798828125,517.0337524414062,3772032
2024-07-09 14:15:00+00:00,517.16015625,518.972900390625,515.8428955078125,515.845947265625,15559680
2024-07-09 14:30:00+00:00,516.3670043945312,518.198486328125,516.1760864257812,518.1737670898438,0
2024-07-09 14:45:00+00:00,518.1513061523438,518.1513061523438,515.3115844726562,515.826904296875,0
2024-07-09 15:00:00+00:00,514.4938354492188,514.6132202148438,513.5995483398438,514.2060546875,308352
2024-07-09 15:15:00+00:00,514.46142578125,516.3645629882812,514.46142578125,515.625244140625,3603840
2024-07-09 15:30:00+00:00,515.5033569335938,515.9920654296875,515.03515625,515.2314453125,1861248
2024-07-09 15:45:00+00:00,515.2202758789062,516.9802856445312,515.2202758789062,516.9802856445312,3542144
2024-07-09 16:00:00+00:00,517.0523681640625,517.6381225585938,516.7361450195312,517.2144165039062,2530176
2024-07-09 16:15:00+00:00,517.0833740234375,518.4117431640625,517.0833740234375,517.802490234375,4186496
2024-07-09 16:30:00+00:00,517.8977661132812,517.8977661132812,516.631103515625,517.8103637695312,3794176
2024-07-09 16:45:00+00:00,518.0196533203125,518.9505615234375,517.8043823242188,518.9505615234375,2536832
2024-07-09 17:00:00+00:00,518.9576416015625,519.3515625,518.1911010742188,518.2421875,2752640
2024-07-09 17:15:00+00:00,518.284423828125,518.284423828125,517.6736450195312,518.1121215820312,2996992
2024-07-09 17:30:00+00:00,518.2733764648438,518.377685546875,517.60693359375,517.60693359375,877696
2024-07-09 17:45:00+00:00,517.3587646484375,517.8147583007812,516.7206420898438,517.8147583007812,1205376
2024-07-09 18:00:00+00:00,518.0126342773438,518.0866088867188,517.4512329101562,518.0866088867188,1963008
2024-07-09 18:15:00+00:00,518.1018676757812,520.1265869140625,518.1018676757812,519.661865234375,11494656
2024-07-09 18:30:00+00:00,519.6828002929688,520.426513671875,519.6828002929688,520.0787353515625,6427904
2024-07-09 18:45:00+00:00,520.6463012695312,520.6463012695312,518.6590576171875,518.871826171875,9247104
2024-07-09 19:00:00+00:00,518.7266235351562,518.8089599609375,518.0175170898438,518.0851440429688,921472
2024-07-09 19:15:00+00:00,517.9759521484375,518.0696411132812,517.5137939453125,517.9218139648438,1058560
2024-07-09 19:30:00+00:00,517.9126586914062,517.9126586914062,517.3319702148438,517.4065551757812,1100160
2024-07-09 19:45:00+00:00,517.361083984375,517.361083984375,516.8861694335938,517.0909423828125,4608768
2024-07-09 20:00:00+00:00,517.1436157226562,517.2343139648438,516.19580078125,516.309814453125,179584
2024-07-09 20:15:00+00:00,516.3723754882812,517.2755737304688,516.3723754882812,517.1026611328125,2131200
2024-07-09 20:30:00+00:00,517.0564575195312,518.2937622070312,517.0564575195312,518.2936401367188,1044480
2024-07-09 20:45:00+00:00,518.2277221679688,518.5087890625,517.5791015625,517.5791015625,5671168
2024-07-09 21:00:00+00:00,517.5888671875,517.5888671875,516.7481689453125,516.9048461914062,1065600
2024-07-09 21:15:00+00:00,516.810302734375,517.066650390625,516.4016723632812,516.4016723632812,1989760
2024-07-09 21:30:00+00:00,516.9305419921875,517.4032592773438,516.9305419921875,517.2297973632812,1058432
2024-07-09 21:45:00+00:00,517.2732543945312,517.2732543945312,515.9520874023438,515.9520874023438,3448832
2024-07-09 22:00:00+00:00,515.9999389648438,515.9999389648438,515.2036743164062,515.2963256835938,1636224
2024-07-09 22:15:00+00:00,515.2167358398438,515.7769775390625,515.1889038085938,515.6571044921875,4060928
2024-07-09 22:30:00+00:00,515.839599609375,516.6427612304688,515.839599609375,516.5919189453125,3307264
2024-07-09 22:45:00+00:00,516.6283569335938,518.02490234375,516.1726684570312,516.1726684570312,6547456
2024-07-09 23:00:00+00:00,516.1393432617188,516.1393432617188,515.548828125,515.548828125,1043712
2024-07-09 23:15:00+00:00,515.4635009765625,515.9117431640625,515.2056274414062,515.9117431640625,3232768
2024-07-09 23:30:00+00:00,515.8779907226562,517.1539916992188,515.8704223632812,517.1539916992188,6484224
2024-07-09 23:45:00+00:00,516.9752197265625,517.0870971679688,516.5867309570312,516.5867309570312,1223552
2024-07-10 00:00:00+00:00,516.8988037109375,516.9158935546875,515.72314453125,515.756591796875,369920
2024-07-10 00:15:00+00:00,515.7931518554688,515.7931518554688,514.2282104492188,514.3809204101562,1167360
2024-07-10 00:30:00+00:00,514.3748779296875,514.8446655273438,514.0240478515625,514.7968139648438,3522688
2024-07-10 00:45:00+00:00,514.7900390625,514.9718017578125,513.2149047851562,513.2149047851562,2612864
2024-07-10 01:00:00+00:00,512.5211791992188,514.019775390625,511.8351745605469,514.019775390625,1719168
2024-07-10 01:15:00+00:00,514.1930541992188,514.725830078125,513.9935913085938,514.3541870117188,0
2024-07-10 01:30:00+00:00,515.1035766601562,516.552978515625,514.9199829101562,515.0193481445312,6661504
2024-07-10 01:45:00+00:00,515.075927734375,515.527587890625,515.075927734375,515.392333984375,961024
2024-07-10 02:00:00+00:00,515.5029907226562,515.7906494140625,514.2484741210938,514.2484741210938,1795072
2024-07-10 02:15:00+00:00,513.6543579101562,513.8157958984375,513.4147338867188,513.4147338867188,1506944
2024-07-10 02:30:00+00:00,513.8019409179688,514.5082397460938,513.8019409179688,514.3851318359375,3445760
2024-07-10 02:45:00+00:00,513.8221435546875,514.443603515625,513.5211181640625,514.443603515625,2327168
2024-07-10 03:00:00+00:00,514.4660034179688,515.666259765625,514.4660034179688,515.1140747070312,4582400
2024-07-10 03:15:00+00:00,514.767333984375,515.026611328125,514.767333984375,514.9213256835938,442112
2024-07-10 03:30:00+00:00,515.0093994140625,516.3194580078125,514.99609375,516.0888061523438,6626944
2024-07-10 03:45:00+00:00,515.9995727539062,516.8959350585938,515.8550415039062,516.4044189453125,3455872
2024-07-10 04:00:00+00:00,516.3641967773438,521.85302734375,516.3641967773438,520.9380493164062,29244288
2024-07-10 04:15:00+00:00,521.1690063476562,523.5114135742188,520.3388061523438,523.5114135742188,8091904
2024-07-10 04:30:00+00:00,525.433837890625,525.433837890625,523.9157104492188,524.1382446289062,22977152
2024-07-10 04:45:00+00:00,523.7335815429688,523.7335815429688,523.0797119140625,523.5486450195312,7398016
2024-07-10 05:00:00+00:00,524.3323364257812,524.5985717773438,523.9613037109375,524.2515258789062,8287104
2024-07-10 05:15:00+00:00,523.5536499023438,523.9125366210938,522.9090576171875,523.9125366210938,2922496
2024-07-10 05:30:00+00:00,523.5354614257812,523.5354614257812,521.4396362304688,521.4396362304688,1857280
2024-07-10 05:45:00+00:00,521.4861450195312,522.1551513671875,521.4861450195312,522.125244140625,3870592
2024-07-10 06:00:00+00:00,522.5169677734375,523.2049560546875,521.7344360351562,522.8368530273438,4529792
2024-07-10 06:15:00+00:00,522.97314453125,524.0941162109375,522.97314453125,523.4529418945312,2771712
2024-07-10 06:30:00+00:00,523.4132690429688,523.8208618164062,522.9592895507812,523.8208618164062,4608384
2024-07-10 06:45:00+00:00,523.73291015625,525.3865966796875,523.73291015625,525.2916870117188,3961984
2024-07-10 07:00:00+00:00,524.9271850585938,525.0325927734375,524.3123168945312,524.3123168945312,3938944
2024-07-10 07:15:00+00:00,524.3307495117188,524.5548095703125,524.1846923828125,524.1846923828125,977536
